{
    "$schema": "http://json-schema.org/draft-06/schema#",
    "type": "object",
    "properties": {
        "schemaVersion": {
            "type": "integer",
            "enum": [5]
        },
        "structureType": {
            "type": "string",
            "enum": ["simple"]

        },
        "producedMaterialId": {
            "type": "integer",
            "minimum": 1
        },
        "plannedLineId": {
            "type": "integer",
            "minimum": 1
        },

        "structure": {
            "type": "object",
            "properties": {
                "routeSegment": {
                    "type": "object",
                    "properties": {
                        "id": {
                            "type": "integer",
                            "enum": [0]

                        }
                    },
                     "required": ["id"]
                },

                "operations": {
                    "type": "array",
                    "items": {
                        "type": "object",
                        "properties": {
                            "id": {
                                "type": "integer",
                                "minimum": 0,
                                "uniqueItems": true
                            },
                            "sequenceNumber": {
                                "type": "integer",
                                "minimum": 1

                            }

                        },
                        "required": ["id", "sequenceNumber"]
                    }
                }
            },
            "required": ["routeSegment", "operations"]
        },

        "segments": {
            "type": "array",
            "items": {
                "type": "object",
                "properties": {
                    "id": {
                        "type": "integer",
                        "minimum": 0
                    },
                    "segmentType": {
                        "type": "string",
                        "enum": ["segment", "reference"]

                    },

                    "name": {
                        "type": "string",
                        "minLength": 1,
                        "maxLength": 100

                    },
                    "description": {
                        "type": "string",
                        "maxLength": 1000
                    },
                    "plannedUnitIds": {
                        "type": "array",
                        "items": {
                            "type": "integer",
                            "minimum": 1
                        },
                        "uniqueItems": true
                    },
                    "billOfMaterials": {
                        "type": "array",
                        "items": {
                            "type": "object",
                            "properties": {
                                "bomItemId": {
                                    "type": "integer",
                                    "minimum": 1
                                },

                                "materialId": {
                                    "type": "integer",
                                    "minimum": 1
                                },
                                "unitOfMeasureId": {
                                    "type": ["integer", "null"],
                                    "minimum": 1
                                },

                                "quantity": {
                                    "type": "number",
                                    "minimum": 0,
                                    "exclusiveMinimum": true
                                },
                              
                                "behaviors": {
                                    "type": "object",
                                    "properties": {
                                        "requiresConsumptionTracking": {
                                            "type": "boolean"
                                           
                                        }
                                    },
                                    "required": ["requiresConsumptionTracking"]
                                },
                                "visualization": {
                                    "type": "object",
                                    "properties": {
                                        "displayOrder": {
                                            "type": ["integer", "null"],
                                            "minimum": 1
                                        }
                                    },
                                    "required": ["displayOrder"]
                                },
                                "properties": {
		                        "description": "Properties of product",
		                        "type": "array",
		                        "items": {
		                            "type": "object",
		                            "properties": {
		                                "propertyDefinitionId": {
		                                    "type": "string",
		                                     "minLength": 36,
		                                    "maxLength": 36
		                                },
		                                "propertyDefinitionValue": {
		                                    "type": "string"
		                                }
		                            },
		                            "required": ["propertyDefinitionId", "propertyDefinitionValue"]
		                        }
                    		}
                        },
                   		"required": ["bomItemId", "materialId", "quantity", "unitOfMeasureId", "visualization","behaviors", "properties"]
                   	}
                    },
                    "documents": {
                        "description": "Links to documents",
                        "type": "array",
                        "items": {
                            "type": "object",
                            "properties": {
                                "displayName": {
                                    "type": "string",
                                    "minLength": 1,
                                    "maxLength": 100
                                },
                                "link": {
                                    "type": "string",
                                    "minLength": 1
                                }
                            },
                            "required": ["displayName", "link"]
                        }
                    },
                    "properties": {
                        "description": "Properties of product",
                        "type": "array",
                        "items": {
                            "type": "object",
                            "properties": {
                                "propertyDefinitionId": {
                                    "type": "string",
                                     "minLength": 36,
                                    "maxLength": 36
                                },
                                "propertyDefinitionValue": {
                                    "type": "string"
                                }
                            },
                            "required": ["propertyDefinitionId", "propertyDefinitionValue"]
                        }
                    }
                },
                "required": ["id", "segmentType", "name", "description", "plannedUnitIds", "billOfMaterials", "documents", "properties"]
            }
        }
    },
    "required": ["schemaVersion", "structureType", "producedMaterialId", "plannedLineId", "segments", "structure"]

}
